<?xml version='1.0' encoding='utf-8'?>
<!DOCTYPE hibernate-mapping PUBLIC
    "-//Hibernate/Hibernate Mapping DTD 3.0//EN"
    "http://hibernate.sourceforge.net/hibernate-mapping-3.0.dtd">

<hibernate-mapping default-lazy="false">
    <class
        name="edu.wustl.common.querysuite.metadata.category.AbstractCategorialClass"
        table="ABSTRACT_CATEGORIAL_CLASS"
        dynamic-update="false"
        dynamic-insert="false"
    >

        <id
            name="id"
            column="IDENTIFIER"
            type="long"
            length="30"
            unsaved-value="null"
        >
            <generator class="native">
                <param name="sequence">CONSTRAINT_SEQ</param>
            </generator>
        </id>

        <set
            name="categorialAttributeCollection"
            lazy="false"
            inverse="false"
            cascade="all-delete-orphan"
            sort="unsorted"
        >
            <cache 
                usage="read-write" 
             />

              <key
                  column="ABSTRACT_CATEGORIAL_ATTRIBUTE_ID"
              />

              <one-to-many
                  class="edu.wustl.common.querysuite.metadata.category.AbstractCategorialAttribute"
              />
        </set>

        <many-to-one
            name="category"
            class="edu.wustl.common.querysuite.metadata.category.AbstractCategory"
            cascade="all"
            outer-join="auto"
            update="true"
            insert="true"
            column="ABSTRACT_CATEGORY_ID"
        />

        <set
            name="children"
            table="ABSTRACT_CATEGORIAL_CLASS"
            lazy="false"
            inverse="false"
            cascade="save-update"
            sort="unsorted"
        >
            <cache 
                usage="read-write" 
             />

              <key
                  column="PARENT_CATEGORIAL_CLASS_ID"
              />

              <one-to-many
                  class="edu.wustl.common.querysuite.metadata.category.AbstractCategorialClass"
              />
        </set>

        <many-to-one
            name="parent"
            class="edu.wustl.common.querysuite.metadata.category.AbstractCategorialClass"
            cascade="all"
            outer-join="auto"
            update="true"
            insert="true"
            column="PARENT_CATEGORIAL_CLASS_ID"
        />

        <property
            name="pathFromParentId"
            type="long"
            update="true"
            insert="true"
            column="PATH_FROM_PARENT_ID"
        />

        <property
            name="deEntityId"
            type="long"
            update="true"
            insert="true"
            column="DE_ENTITY_ID"
            length="30"
        />

        <!--
            To add non XDoclet property mappings, create a file named
                hibernate-properties-AbstractCategorialClass.xml
            containing the additional properties and place it in your merge dir.
        -->

        <joined-subclass
            name="edu.wustl.common.querysuite.metadata.category.CategorialClass"
            table="CATEGORIAL_CLASS"
            dynamic-update="false"
            dynamic-insert="false"
        >
        <key
            column="ID"
        />

        </joined-subclass>

    </class>

</hibernate-mapping>
