<?xml version="1.0"?>

<!DOCTYPE hibernate-mapping PUBLIC
    "-//Hibernate/Hibernate Mapping DTD 2.0//EN" 
    "http://hibernate.sourceforge.net/hibernate-mapping-3.0.dtd">

<hibernate-mapping default-lazy="false">
    <class
        name="edu.wustl.common.querysuite.metadata.path.CuratedPath"
        table="CURATED_PATH"
        dynamic-update="false"
        dynamic-insert="false"
    >
        <cache usage="read-write" />

        <id
            name="curatedPathId"
            column="CURATED_PATH_ID"
            type="long"
            length="30"
            unsaved-value="null"
        >
            <generator class="native">
            	<param name="sequence">CURATED_PATH_SEQ</param>
            </generator>
        </id>

        <property
            name="entityIds"
            type="java.lang.String"
            update="true"
            insert="true"
            column="ENTITY_IDS"
            length="30"
        />

        <property
            name="selected"
            type="boolean"
            update="true"
            insert="true"
            column="SELECTED"
        />

        <set
            name="paths"
            table="CURATED_PATH_TO_PATH"
            lazy="false"
            inverse="false"
            cascade="none"
            sort="unsorted"
        >
            <cache 
                usage="read-write" 
             />

              <key
                  column="CURATED_PATH_ID"
              />

              <many-to-many
                  class="edu.wustl.common.querysuite.metadata.path.Path"
                  column="PATH_ID"
                  outer-join="auto"
              />

        </set>

        <!--
            To add non XDoclet property mappings, create a file named
                hibernate-properties-CuratedPath.xml
            containing the additional properties and place it in your merge dir.
        -->

    </class>

</hibernate-mapping>
