<?xml version='1.0' encoding='utf-8'?>
<AuditableMetaData>
	<AuditableClass className="edu.wustl.catissuecore.domain.Institution"
					relationShipType="main" roleName="">
		<attribute name="id" dataType="Long" />
		<attribute name="name" dataType="String" />
	</AuditableClass>

	<AuditableClass className="edu.wustl.catissuecore.domain.Department"
		relationShipType="main" roleName="">
		<attribute name="id" dataType="Long" />
		<attribute name="name" dataType="String" />
	</AuditableClass>

	<AuditableClass className="edu.wustl.catissuecore.domain.CancerResearchGroup"
		relationShipType="main" roleName="">
		<attribute name="id" dataType="Long" />
		<attribute name="name" dataType="String" />
	</AuditableClass>

	<AuditableClass className="edu.wustl.catissuecore.domain.Site"
		relationShipType="main" roleName="">
		<attribute name="id" dataType="Long" />
		<attribute name="name" dataType="String" />
		<attribute name="type" dataType="String" />
		<attribute name="emailAddress" dataType="String" />
		<attribute name="activityStatus" dataType="String" />
		<containmentAssociationCollection
			className="edu.wustl.catissuecore.domain.Address"
			relationShipType="containment"
			roleName="address" >
		</containmentAssociationCollection>
		<referenceAssociationCollection
			className="edu.wustl.catissuecore.domain.User"
			relationShipType="association"
			roleName="coordinator" >
		</referenceAssociationCollection>
	</AuditableClass>

	<AuditableClass className="edu.wustl.catissuecore.domain.Biohazard"
		relationShipType="main" roleName="">
		<attribute name="id" dataType="Long" />
		<attribute name="name" dataType="String" />
		<attribute name="type" dataType="String" />
		<attribute name="comment" dataType="String" />
	</AuditableClass>

	<AuditableClass className="edu.wustl.catissuecore.domain.StorageType"
		relationShipType="main" roleName="">
		<attribute name="id" dataType="Long" />
		<attribute name="name" dataType="String" />
		<attribute name="oneDimensionLabel" dataType="String" />
		<attribute name="twoDimensionLabel" dataType="String" />
		<attribute name="comment" dataType="String" />
		<attribute name="activityStatus" dataType="String" />
		<attribute name="defaultTempratureInCentigrade" dataType="Double" />
		<containmentAssociationCollection
			className="edu.wustl.catissuecore.domain.Capacity"
			relationShipType="containment"
			roleName="capacity" >
		</containmentAssociationCollection>
	</AuditableClass>

	<AuditableClass className="edu.wustl.catissuecore.domain.SpecimenArrayType"
		relationShipType="main" roleName="">
		<attribute name="id" dataType="Long" />
		<attribute name="specimenClass" dataType="String" />
		<attribute name="name" dataType="String" />
		<attribute name="oneDimensionLabel" dataType="String" />
		<attribute name="twoDimensionLabel" dataType="String" />
		<attribute name="comment" dataType="String" />
		<attribute name="activityStatus" dataType="String" />
		<containmentAssociationCollection
			className="edu.wustl.catissuecore.domain.Capacity"
			relationShipType="containment"
			roleName="capacity" >
		</containmentAssociationCollection>
	</AuditableClass>

	<AuditableClass className="edu.wustl.catissuecore.domain.StorageContainer"
		relationShipType="main" roleName="">
		<attribute name="id" dataType="Long" />
		<attribute name="name" dataType="String" />
		<attribute name="barcode" dataType="String" />
		<attribute name="activityStatus" dataType="String" />
		<attribute name="comment" dataType="String" />
		<!-- <attribute name="full" dataType="Boolean" /> -->
		<attribute name="tempratureInCentigrade" dataType="Double" />
		<referenceAssociationCollection
			className="edu.wustl.catissuecore.domain.Site"
			relationShipType="association"
			roleName="site">
		</referenceAssociationCollection>
		<referenceAssociationCollection
			className="edu.wustl.catissuecore.domain.StorageType"
			relationShipType="association"
			roleName="storageType">
		</referenceAssociationCollection>
		<containmentAssociationCollection
			className="edu.wustl.catissuecore.domain.ContainerPosition"
			relationShipType="containment"
			roleName="locatedAtPosition">
		</containmentAssociationCollection>
		<containmentAssociationCollection
			className="edu.wustl.catissuecore.domain.Capacity"
			relationShipType="containment"
			roleName="capacity" >
		</containmentAssociationCollection>
	</AuditableClass>

	<AuditableClass className="edu.wustl.catissuecore.domain.SpecimenArray"
		relationShipType="main" roleName="">
		<attribute name="id" dataType="Long" />
		<attribute name="name" dataType="String" />
		<attribute name="barcode" dataType="String" />
		<attribute name="activityStatus" dataType="String" />
		<attribute name="comment" dataType="String" />
		<referenceAssociationCollection
			className="edu.wustl.catissuecore.domain.SpecimenArrayContent"
			relationShipType="association"
			roleName="specimenArrayContentCollection">
		</referenceAssociationCollection>
		<referenceAssociationCollection
			className="edu.wustl.catissuecore.domain.SpecimenArrayType"
			relationShipType="association"
			roleName="specimenArrayType">
		</referenceAssociationCollection>
		<containmentAssociationCollection
			className="edu.wustl.catissuecore.domain.ContainerPosition"
			relationShipType="containment"
			roleName="locatedAtPosition">
		</containmentAssociationCollection>
		<containmentAssociationCollection
			className="edu.wustl.catissuecore.domain.Capacity"
			relationShipType="containment"
			roleName="capacity" >
		</containmentAssociationCollection>

		<containmentAssociationCollection
			className="edu.wustl.catissuecore.domain.User"
			relationShipType="containment"
			roleName="createdBy" >
		</containmentAssociationCollection>
	</AuditableClass>

	<AuditableClass className="edu.wustl.catissuecore.domain.SpecimenArrayContent"
		relationShipType="main" roleName="">
		<attribute name="id" dataType="Long" />
		<attribute name="concentrationInMicrogramPerMicroliter" dataType="Double" />
		<attribute name="positionDimensionOne" dataType="Integer" />
		<attribute name="positionDimensionTwo" dataType="Integer" />
		<attribute name="initialQuantity" dataType="Double" />
		<!-- <attribute name="specimen" dataType="Specimen" /> -->
	</AuditableClass>


	<AuditableClass className="edu.wustl.catissuecore.domain.User"
		relationShipType="main" roleName="">
		<attribute name="id" dataType="Long" />
		<attribute name="csmUserId" dataType="Long" />
		<attribute name="firstTimeLogin" dataType="Boolean" />
		<attribute name="lastName" dataType="String" />
		<attribute name="firstName" dataType="String" />
		<attribute name="loginName" dataType="String" />
		<attribute name="emailAddress" dataType="String" />
		<attribute name="startDate" dataType="Date" />
		<attribute name="activityStatus" dataType="String" />
		<attribute name="comments" dataType="String" />
		<attribute name="wustlKey" dataType="String" />
		<attribute name="institution" dataType="edu.wustl.catissuecore.domain.Institution" />
		<attribute name="department" dataType="edu.wustl.catissuecore.domain.Department" />
		<attribute name="address" dataType="edu.wustl.catissuecore.domain.Address" />
		<attribute name="cancerResearchGroup" dataType="edu.wustl.catissuecore.domain.CancerResearchGroup" />
		<containmentAssociationCollection
			className="edu.wustl.catissuecore.domain.Address"
			relationShipType="containment"
			roleName="address" >
		</containmentAssociationCollection>
		<referenceAssociationCollection
			className="edu.wustl.catissuecore.domain.Institution"
			relationShipType="association"
			roleName="institution">
		</referenceAssociationCollection>
		<referenceAssociationCollection
			className="edu.wustl.catissuecore.domain.Department"
			relationShipType="association"
			roleName="department">
		</referenceAssociationCollection>
		<referenceAssociationCollection
			className="edu.wustl.catissuecore.domain.CancerResearchGroup"
			relationShipType="association"
			roleName="cancerResearchGroup">
		</referenceAssociationCollection>
		<containmentAssociationCollection
			className="edu.wustl.catissuecore.domain.Password"
			relationShipType="containment"
			roleName="passwordCollection">
		</containmentAssociationCollection>
	</AuditableClass>

	<AuditableClass className="edu.wustl.catissuecore.domain.CollectionProtocol"
		relationShipType="main" roleName="">
		<attribute name="id" dataType="Long" />
		<attribute name="title" dataType="String" />
		<attribute name="shortTitle" dataType="String" />
		<attribute name="irbIdentifier" dataType="String" />
		<attribute name="startDate" dataType="Date" />
		<attribute name="endDate" dataType="Date" />
		<attribute name="activityStatus" dataType="String" />
		<attribute name="enrollment" dataType="Integer" />
		<attribute name="descriptionURL" dataType="String" />
		<attribute name="sequenceNumber" dataType="Integer" />
		<attribute name="studyCalendarEventPoint" dataType="Double" />
		<attribute name="aliquotInSameContainer" dataType="Boolean" />
		<!-- <attribute name="consentsWaived" dataType="Boolean" /> -->
		<attribute name="type" dataType="String" />
		<attribute name="unsignedConsentDocumentURL" dataType="String" />
		<referenceAssociationCollection
			className="edu.wustl.catissuecore.domain.User"
			relationShipType="association"
			roleName="coordinatorCollection">
		</referenceAssociationCollection>
		<referenceAssociationCollection
			className="edu.wustl.catissuecore.domain.User"
			relationShipType="association"
			roleName="principalInvestigator">
		</referenceAssociationCollection>
		<containmentAssociationCollection
			className="edu.wustl.catissuecore.domain.CollectionProtocolEvent"
			relationShipType="containment"
			roleName="collectionProtocolEventCollection">
		</containmentAssociationCollection>
	</AuditableClass>
	<AuditableClass className="edu.wustl.catissuecore.domain.CollectionProtocolEvent"
		relationShipType="main" roleName="">
		<attribute name="id" dataType="Long" />
		<attribute name="studyCalendarEventPoint" dataType="Double" />
		<attribute name="collectionPointLabel" dataType="String" />
		<attribute name="clinicalDiagnosis" dataType="String" />
		<attribute name="clinicalStatus" dataType="String" />
		<containmentAssociationCollection
			className="edu.wustl.catissuecore.domain.SpecimenRequirement"
			relationShipType="containment"
			roleName="specimenRequirementCollection">
		</containmentAssociationCollection>
	</AuditableClass>
	<AuditableClass className="edu.wustl.catissuecore.domain.SpecimenRequirement"
		relationShipType="main" roleName="">
		<attribute name="id" dataType="Long" />
		<attribute name="storageType" dataType="String" />
		<attribute name="initialQuantity" dataType="Double" />
		<attribute name="pathologicalStatus" dataType="String" />
		<attribute name="lineage" dataType="String" />
		<attribute name="specimenClass" dataType="String" />
		<attribute name="specimenType" dataType="String" />
	</AuditableClass>


	<AuditableClass className="edu.wustl.catissuecore.domain.CellSpecimenRequirement"
		relationShipType="main" roleName="">
		<attribute name="id" dataType="Long" />
		<attribute name="storageType" dataType="String" />
		<attribute name="initialQuantity" dataType="Double" />
		<attribute name="pathologicalStatus" dataType="String" />
		<attribute name="lineage" dataType="String" />
		<attribute name="specimenClass" dataType="String" />
		<attribute name="specimenType" dataType="String" />
	</AuditableClass>


		<AuditableClass className="edu.wustl.catissuecore.domain.TissueSpecimenRequirement"
		relationShipType="main" roleName="">
		<attribute name="id" dataType="Long" />
		<attribute name="storageType" dataType="String" />
		<attribute name="initialQuantity" dataType="Double" />
		<attribute name="pathologicalStatus" dataType="String" />
		<attribute name="lineage" dataType="String" />
		<attribute name="specimenClass" dataType="String" />
		<attribute name="specimenType" dataType="String" />
	</AuditableClass>


		<AuditableClass className="edu.wustl.catissuecore.domain.MolecularSpecimenRequirement"
		relationShipType="main" roleName="">
		<attribute name="id" dataType="Long" />
		<attribute name="storageType" dataType="String" />
		<attribute name="initialQuantity" dataType="Double" />
		<attribute name="pathologicalStatus" dataType="String" />
		<attribute name="lineage" dataType="String" />
		<attribute name="specimenClass" dataType="String" />
		<attribute name="specimenType" dataType="String" />
	</AuditableClass>

	<AuditableClass className="edu.wustl.catissuecore.domain.FluidSpecimenRequirement"
		relationShipType="main" roleName="">
		<attribute name="id" dataType="Long" />
		<attribute name="storageType" dataType="String" />
		<attribute name="initialQuantity" dataType="Double" />
		<attribute name="pathologicalStatus" dataType="String" />
		<attribute name="lineage" dataType="String" />
		<attribute name="specimenClass" dataType="String" />
		<attribute name="specimenType" dataType="String" />
	</AuditableClass>



	<AuditableClass className="edu.wustl.catissuecore.domain.DistributionProtocol"
		relationShipType="main" roleName="">
		<attribute name="id" dataType="Long" />
		<attribute name="title" dataType="String" />
		<attribute name="shortTitle" dataType="String" />
		<attribute name="irbIdentifier" dataType="String" />
		<attribute name="startDate" dataType="Date" />
		<attribute name="endDate" dataType="Date" />
		<attribute name="activityStatus" dataType="String" />
		<attribute name="enrollment" dataType="String" />
		<attribute name="descriptionURL" dataType="String" />
		<referenceAssociationCollection
			className="edu.wustl.catissuecore.domain.User"
			relationShipType="association"
			roleName="principalInvestigator">
		</referenceAssociationCollection>
		<containmentAssociationCollection
			className="edu.wustl.catissuecore.domain.DistributionSpecimenRequirement"
			relationShipType="containment"
			roleName="distributionSpecimenRequirementCollection" >
		</containmentAssociationCollection>
	</AuditableClass>

	<AuditableClass className="edu.wustl.catissuecore.domain.CollectionProtocolRegistration"
		relationShipType="main" roleName="">
		<attribute name="id" dataType="Long" />
		<attribute name="offset" dataType="Integer" />
		<attribute name="protocolParticipantIdentifier" dataType="String" />
		<attribute name="activityStatus" dataType="String" />
		<attribute name="barcode" dataType="String" />
		<referenceAssociationCollection
			className="edu.wustl.catissuecore.domain.CollectionProtocol"
			relationShipType="association"
			roleName="collectionProtocol">
		</referenceAssociationCollection>
		<referenceAssociationCollection
			className="edu.wustl.catissuecore.domain.ConsentTierResponse"
			relationShipType="association"
			roleName="consentTierResponseCollection">
		</referenceAssociationCollection>
	</AuditableClass>

	<AuditableClass className="edu.wustl.catissuecore.domain.Participant"
		relationShipType="main" roleName="">
		<attribute name="id" dataType="Long" />
		<attribute name="lastName" dataType="String" />
		<attribute name="firstName" dataType="String" />
		<attribute name="middleName" dataType="String" />
		<attribute name="birthDate" dataType="Date" />
		<attribute name="deathDate" dataType="Date" />
		<attribute name="gender" dataType="String" />
		<attribute name="activityStatus" dataType="String" />
		<attribute name="sexGenotype" dataType="String" />
		<attribute name="ethnicity" dataType="String" />
		<attribute name="socialSecurityNumber" dataType="String" />
		<attribute name="vitalStatus" dataType="String" />
		<attribute name="metaPhoneCode" dataType="String" />
		<attribute name="empiId" dataType="String" />
		<referenceAssociationCollection
			className="edu.wustl.catissuecore.domain.CollectionProtocolRegistration"
			relationShipType="containment"
			roleName="collectionProtocolRegistrationCollection">
		</referenceAssociationCollection>
		<containmentAssociationCollection
			className="edu.wustl.catissuecore.domain.ParticipantMedicalIdentifier"
			relationShipType="containment"
			roleName="participantMedicalIdentifierCollection">
		</containmentAssociationCollection>

	</AuditableClass>

	<AuditableClass className="edu.wustl.catissuecore.domain.ParticipantMedicalIdentifier"
		relationShipType="main" roleName="">
		<attribute name="id" dataType="Long" />
		<attribute name="medicalRecordNumber" dataType="String" />
		<referenceAssociationCollection
			className="edu.wustl.catissuecore.domain.Site"
			relationShipType="association"
			roleName="site">
		</referenceAssociationCollection>

	</AuditableClass>

	<AuditableClass className="edu.wustl.catissuecore.domain.SpecimenCollectionGroup"
		relationShipType="main" roleName="">
		<attribute name="id" dataType="Long" />
		<attribute name="name" dataType="String" />
		<attribute name="offset" dataType="Integer" />
		<attribute name="surgicalPathologyNumber" dataType="String" />
		<attribute name="comment" dataType="String" />
		<attribute name="activityStatus" dataType="String" />
		<attribute name="collectionStatus" dataType="String" />
		<attribute name="barcode" dataType="String" />
		<attribute name="encounterTimestamp" dataType="Date" />
		<referenceAssociationCollection
			className="edu.wustl.catissuecore.domain.ConsentTierStatus"
			relationShipType="association"
			roleName="consentTierStatusCollection">
		</referenceAssociationCollection>
		<referenceAssociationCollection
			className="edu.wustl.catissuecore.domain.SpecimenEventParameters"
			relationShipType="association"
			roleName="specimenEventParametersCollection">
		</referenceAssociationCollection>
	</AuditableClass>

	<AuditableClass className="edu.wustl.catissuecore.domain.TissueSpecimen"
		relationShipType="main" roleName="">
		<attribute name="id" dataType="Long" />
		<attribute name="label" dataType="String" />
		<attribute name="barcode" dataType="String" />
		<attribute name="isAvailable" dataType="Boolean" />
		<attribute name="comment" dataType="String" />
		<attribute name="activityStatus" dataType="String" />
		<attribute name="collectionStatus" dataType="String" />
		<attribute name="createdOn" dataType="Date" />
		<attribute name="initialQuantity" dataType="Double" />
		<attribute name="availableQuantity" dataType="Double" />
		<attribute name="pathologicalStatus" dataType="String" />
		<attribute name="lineage" dataType="String" />
		<attribute name="specimenClass" dataType="String" />
		<attribute name="specimenType" dataType="String" />
		<containmentAssociationCollection
			className="edu.wustl.catissuecore.domain.SpecimenCharacteristics"
			relationShipType="containment"
			roleName="specimenCharacteristics">
		</containmentAssociationCollection>
		<referenceAssociationCollection
			className="edu.wustl.catissuecore.domain.ConsentTierStatus"
			relationShipType="association"
			roleName="consentTierStatusCollection">
		</referenceAssociationCollection>
		<!--<referenceAssociationCollection
			className="edu.wustl.catissuecore.domain.SpecimenEventParameters"
			relationShipType="association"
			roleName="specimenEventParametersCollection">
		</referenceAssociationCollection> -->
	</AuditableClass>
	<AuditableClass className="edu.wustl.catissuecore.domain.MolecularSpecimen"
		relationShipType="main" roleName="">
		<attribute name="id" dataType="Long" />
		<attribute name="label" dataType="String" />
		<attribute name="barcode" dataType="String" />
		<attribute name="isAvailable" dataType="Boolean" />
		<attribute name="comment" dataType="String" />
		<attribute name="activityStatus" dataType="String" />
		<attribute name="collectionStatus" dataType="String" />
		<attribute name="createdOn" dataType="Date" />
		<attribute name="initialQuantity" dataType="Double" />
		<attribute name="availableQuantity" dataType="Double" />
		<attribute name="pathologicalStatus" dataType="String" />
		<attribute name="lineage" dataType="String" />
		<attribute name="specimenClass" dataType="String" />
		<attribute name="specimenType" dataType="String" />
			<containmentAssociationCollection
			className="edu.wustl.catissuecore.domain.SpecimenCharacteristics"
			relationShipType="containment"
			roleName="specimenCharacteristics">
		</containmentAssociationCollection>
		<referenceAssociationCollection
			className="edu.wustl.catissuecore.domain.ConsentTierStatus"
			relationShipType="association"
			roleName="consentTierStatusCollection">
		</referenceAssociationCollection>
		<!-- <referenceAssociationCollection
			className="edu.wustl.catissuecore.domain.SpecimenEventParameters"
			relationShipType="association"
			roleName="specimenEventParametersCollection">
		</referenceAssociationCollection>-->
	</AuditableClass>
	<AuditableClass className="edu.wustl.catissuecore.domain.FluidSpecimen"
		relationShipType="main" roleName="">
		<attribute name="id" dataType="Long" />
		<attribute name="label" dataType="String" />
		<attribute name="barcode" dataType="String" />
		<attribute name="isAvailable" dataType="Boolean" />
		<attribute name="comment" dataType="String" />
		<attribute name="activityStatus" dataType="String" />
		<attribute name="collectionStatus" dataType="String" />
		<attribute name="createdOn" dataType="Date" />
		<attribute name="initialQuantity" dataType="Double" />
		<attribute name="availableQuantity" dataType="Double" />
		<attribute name="pathologicalStatus" dataType="String" />
		<attribute name="lineage" dataType="String" />
		<attribute name="specimenClass" dataType="String" />
		<attribute name="specimenType" dataType="String" />
		<containmentAssociationCollection
			className="edu.wustl.catissuecore.domain.SpecimenCharacteristics"
			relationShipType="containment"
			roleName="specimenCharacteristics">
		</containmentAssociationCollection>
		<referenceAssociationCollection
			className="edu.wustl.catissuecore.domain.ConsentTierStatus"
			relationShipType="association"
			roleName="consentTierStatusCollection">
		</referenceAssociationCollection>
		<!--  <referenceAssociationCollection
			className="edu.wustl.catissuecore.domain.SpecimenEventParameters"
			relationShipType="association"
			roleName="specimenEventParametersCollection">
		</referenceAssociationCollection>-->
	</AuditableClass>
	<AuditableClass className="edu.wustl.catissuecore.domain.CellSpecimen"
		relationShipType="main" roleName="">
		<attribute name="id" dataType="Long" />
		<attribute name="label" dataType="String" />
		<attribute name="barcode" dataType="String" />
		<attribute name="isAvailable" dataType="Boolean" />
		<attribute name="comment" dataType="String" />
		<attribute name="activityStatus" dataType="String" />
		<attribute name="collectionStatus" dataType="String" />
		<attribute name="createdOn" dataType="Date" />
		<attribute name="initialQuantity" dataType="Double" />
		<attribute name="availableQuantity" dataType="Double" />
		<attribute name="pathologicalStatus" dataType="String" />
		<attribute name="lineage" dataType="String" />
		<attribute name="specimenClass" dataType="String" />
		<attribute name="specimenType" dataType="String" />
		<containmentAssociationCollection
			className="edu.wustl.catissuecore.domain.SpecimenCharacteristics"
			relationShipType="containment"
			roleName="specimenCharacteristics">
		</containmentAssociationCollection>
		<referenceAssociationCollection
			className="edu.wustl.catissuecore.domain.ConsentTierStatus"
			relationShipType="association"
			roleName="consentTierStatusCollection">
		</referenceAssociationCollection>
		<!-- <referenceAssociationCollection
			className="edu.wustl.catissuecore.domain.SpecimenEventParameters"
			relationShipType="association"
			roleName="specimenEventParametersCollection">
		</referenceAssociationCollection> -->
	</AuditableClass>

	<AuditableClass className="edu.wustl.catissuecore.domain.SpecimenEventParameters" relationShipType="main" roleName="">
		<attribute name="id" dataType="Long" />
		<attribute name="timestamp" dataType="Date" />
		<attribute name="comment" dataType="String" />
		<referenceAssociationCollection
			className="edu.wustl.catissuecore.domain.User"
			relationShipType="association"
			roleName="user">
		</referenceAssociationCollection>
		<referenceAssociationCollection
			className="edu.wustl.catissuecore.domain.Specimen"
			relationShipType="association"
			roleName="specimen">
		</referenceAssociationCollection>
	</AuditableClass>

	<AuditableClass className="edu.wustl.catissuecore.domain.FixedEventParameters" relationShipType="main" roleName="">
		<attribute name="id" dataType="Long" />
		<attribute name="timestamp" dataType="Date" />
		<attribute name="comment" dataType="String" />
		<attribute name="fixationType" dataType="String" />
		<attribute name="durationInMinutes" dataType="Integer" />
		<referenceAssociationCollection
			className="edu.wustl.catissuecore.domain.User"
			relationShipType="association"
			roleName="user">
		</referenceAssociationCollection>
		<referenceAssociationCollection
			className="edu.wustl.catissuecore.domain.Specimen"
			relationShipType="association"
			roleName="specimen">
		</referenceAssociationCollection>
	</AuditableClass>

	<AuditableClass className="edu.wustl.catissuecore.domain.FrozenEventParameters" relationShipType="main" roleName="">
		<attribute name="id" dataType="Long" />
		<attribute name="timestamp" dataType="Date" />
		<attribute name="comment" dataType="String" />
		<attribute name="method" dataType="String" />
		<referenceAssociationCollection
			className="edu.wustl.catissuecore.domain.User"
			relationShipType="association"
			roleName="user">
		</referenceAssociationCollection>
		<referenceAssociationCollection
			className="edu.wustl.catissuecore.domain.Specimen"
			relationShipType="association"
			roleName="specimen">
		</referenceAssociationCollection>
	</AuditableClass>

	<AuditableClass className="edu.wustl.catissuecore.domain.CheckInCheckOutEventParameter" relationShipType="main" roleName="">
		<attribute name="id" dataType="Long" />
		<attribute name="timestamp" dataType="Date" />
		<attribute name="comment" dataType="String" />
		<attribute name="storageStatus" dataType="String" />
		<referenceAssociationCollection
			className="edu.wustl.catissuecore.domain.User"
			relationShipType="association"
			roleName="user">
		</referenceAssociationCollection>
		<referenceAssociationCollection
			className="edu.wustl.catissuecore.domain.Specimen"
			relationShipType="association"
			roleName="specimen">
		</referenceAssociationCollection>
	</AuditableClass>

	<AuditableClass className="edu.wustl.catissuecore.domain.ProcedureEventParameters" relationShipType="main" roleName="">
		<attribute name="id" dataType="Long" />
		<attribute name="timestamp" dataType="Date" />
		<attribute name="comment" dataType="String" />
		<attribute name="url" dataType="String" />
		<attribute name="name" dataType="String" />
		<referenceAssociationCollection
			className="edu.wustl.catissuecore.domain.User"
			relationShipType="association"
			roleName="user">
		</referenceAssociationCollection>
		<referenceAssociationCollection
			className="edu.wustl.catissuecore.domain.Specimen"
			relationShipType="association"
			roleName="specimen">
		</referenceAssociationCollection>
	</AuditableClass>

	<AuditableClass className="edu.wustl.catissuecore.domain.SpunEventParameters" relationShipType="main" roleName="">
		<attribute name="id" dataType="Long" />
		<attribute name="timestamp" dataType="Date" />
		<attribute name="comment" dataType="String" />
		<attribute name="gravityForce" dataType="Double" />
		<attribute name="durationInMinutes" dataType="Integer" />
		<referenceAssociationCollection
			className="edu.wustl.catissuecore.domain.User"
			relationShipType="association"
			roleName="user">
		</referenceAssociationCollection>
		<referenceAssociationCollection
			className="edu.wustl.catissuecore.domain.Specimen"
			relationShipType="association"
			roleName="specimen">
		</referenceAssociationCollection>
	</AuditableClass>

	<AuditableClass className="edu.wustl.catissuecore.domain.TransferEventParameters" relationShipType="main" roleName="">
		<attribute name="id" dataType="Long" />
		<attribute name="timestamp" dataType="Date" />
		<attribute name="comment" dataType="String" />
		<attribute name="fromPositionDimensionOne" dataType="Integer" />
		<attribute name="fromPositionDimensionTwo" dataType="Integer" />
		<attribute name="toPositionDimensionTwo" dataType="Integer" />
		<referenceAssociationCollection
			className="edu.wustl.catissuecore.domain.StorageContainer"
			relationShipType="association"
			roleName="toStorageContainer">
		</referenceAssociationCollection>
		<referenceAssociationCollection
			className="edu.wustl.catissuecore.domain.StorageContainer"
			relationShipType="association"
			roleName="fromStorageContainer">
		</referenceAssociationCollection>
		<referenceAssociationCollection
			className="edu.wustl.catissuecore.domain.User"
			relationShipType="association"
			roleName="user">
		</referenceAssociationCollection>
		<referenceAssociationCollection
			className="edu.wustl.catissuecore.domain.Specimen"
			relationShipType="association"
			roleName="specimen">
		</referenceAssociationCollection>
	</AuditableClass>

	<AuditableClass className="edu.wustl.catissuecore.domain.CollectionEventParameters" relationShipType="main" roleName="">
		<attribute name="id" dataType="Long" />
		<attribute name="timestamp" dataType="Date" />
		<attribute name="comment" dataType="String" />
		<attribute name="collectionProcedure" dataType="String" />
		<attribute name="container" dataType="String" />
		<referenceAssociationCollection
			className="edu.wustl.catissuecore.domain.User"
			relationShipType="association"
			roleName="user">
		</referenceAssociationCollection>
		<referenceAssociationCollection
			className="edu.wustl.catissuecore.domain.Specimen"
			relationShipType="association"
			roleName="specimen">
		</referenceAssociationCollection>
	</AuditableClass>

	<AuditableClass className="edu.wustl.catissuecore.domain.ReceivedEventParameters" relationShipType="main" roleName="">
		<attribute name="id" dataType="Long" />
		<attribute name="timestamp" dataType="Date" />
		<attribute name="comment" dataType="String" />
		<attribute name="receivedQuality" dataType="String" />
		<referenceAssociationCollection
			className="edu.wustl.catissuecore.domain.User"
			relationShipType="association"
			roleName="user">
		</referenceAssociationCollection>
		<referenceAssociationCollection
			className="edu.wustl.catissuecore.domain.Specimen"
			relationShipType="association"
			roleName="specimen">
		</referenceAssociationCollection>
	</AuditableClass>

	<AuditableClass className="edu.wustl.catissuecore.domain.EmbeddedEventParameters" relationShipType="main" roleName="">
		<attribute name="id" dataType="Long" />
		<attribute name="timestamp" dataType="Date" />
		<attribute name="comment" dataType="String" />
		<attribute name="embeddingMedium" dataType="String" />
		<referenceAssociationCollection
			className="edu.wustl.catissuecore.domain.User"
			relationShipType="association"
			roleName="user">
		</referenceAssociationCollection>
		<referenceAssociationCollection
			className="edu.wustl.catissuecore.domain.Specimen"
			relationShipType="association"
			roleName="specimen">
		</referenceAssociationCollection>
	</AuditableClass>

	<AuditableClass className="edu.wustl.catissuecore.domain.ThawEventParameters" relationShipType="main" roleName="">
		<attribute name="id" dataType="Long" />
		<attribute name="timestamp" dataType="Date" />
		<attribute name="comment" dataType="String" />
		<referenceAssociationCollection
			className="edu.wustl.catissuecore.domain.User"
			relationShipType="association"
			roleName="user">
		</referenceAssociationCollection>
		<referenceAssociationCollection
			className="edu.wustl.catissuecore.domain.Specimen"
			relationShipType="association"
			roleName="specimen">
		</referenceAssociationCollection>
	</AuditableClass>

	<AuditableClass className="edu.wustl.catissuecore.domain.ReviewEventParameters" relationShipType="main" roleName="">
		<attribute name="id" dataType="Long" />
		<attribute name="timestamp" dataType="Date" />
		<attribute name="comment" dataType="String" />
		<referenceAssociationCollection
			className="edu.wustl.catissuecore.domain.User"
			relationShipType="association"
			roleName="user">
		</referenceAssociationCollection>
		<referenceAssociationCollection
			className="edu.wustl.catissuecore.domain.Specimen"
			relationShipType="association"
			roleName="specimen">
		</referenceAssociationCollection>
	</AuditableClass>

	<AuditableClass className="edu.wustl.catissuecore.domain.CellSpecimenReviewParameters" relationShipType="main" roleName="">
		<attribute name="id" dataType="Long" />
		<attribute name="timestamp" dataType="Date" />
		<attribute name="comment" dataType="String" />
		<attribute name="neoplasticCellularityPercentage" dataType="Double" />
		<attribute name="viableCellPercentage" dataType="Double" />
		<referenceAssociationCollection
			className="edu.wustl.catissuecore.domain.User"
			relationShipType="association"
			roleName="user">
		</referenceAssociationCollection>
		<referenceAssociationCollection
			className="edu.wustl.catissuecore.domain.Specimen"
			relationShipType="association"
			roleName="specimen">
		</referenceAssociationCollection>
	</AuditableClass>

	<AuditableClass className="edu.wustl.catissuecore.domain.TissueSpecimenReviewEventParameters" relationShipType="main" roleName="">
		<attribute name="id" dataType="Long" />
		<attribute name="timestamp" dataType="Date" />
		<attribute name="comment" dataType="String" />
		<attribute name="neoplasticCellularityPercentage" dataType="Double" />
		<attribute name="necrosisPercentage" dataType="Double" />
		<attribute name="lymphocyticPercentage" dataType="Double" />
		<attribute name="totalCellularityPercentage" dataType="Double" />
		<attribute name="histologicalQuality" dataType="String" />
		<referenceAssociationCollection
			className="edu.wustl.catissuecore.domain.User"
			relationShipType="association"
			roleName="user">
		</referenceAssociationCollection>
		<referenceAssociationCollection
			className="edu.wustl.catissuecore.domain.Specimen"
			relationShipType="association"
			roleName="specimen">
		</referenceAssociationCollection>
	</AuditableClass>

	<AuditableClass className="edu.wustl.catissuecore.domain.FluidSpecimenReviewEventParameters" relationShipType="main" roleName="">
		<attribute name="id" dataType="Long" />
		<attribute name="timestamp" dataType="Date" />
		<attribute name="comment" dataType="String" />
		<attribute name="cellCount" dataType="Double" />
		<referenceAssociationCollection
			className="edu.wustl.catissuecore.domain.User"
			relationShipType="association"
			roleName="user">
		</referenceAssociationCollection>
		<referenceAssociationCollection
			className="edu.wustl.catissuecore.domain.Specimen"
			relationShipType="association"
			roleName="specimen">
		</referenceAssociationCollection>
	</AuditableClass>

	<AuditableClass className="edu.wustl.catissuecore.domain.MolecularSpecimenReviewParameters" relationShipType="main" roleName="">
		<attribute name="id" dataType="Long" />
		<attribute name="timestamp" dataType="Date" />
		<attribute name="comment" dataType="String" />
		<attribute name="absorbanceAt260" dataType="Double" />
		<attribute name="absorbanceAt280" dataType="Double" />
		<attribute name="ratio28STo18S" dataType="Double" />
		<attribute name="gelNumber" dataType="Integer" />
		<attribute name="gelImageURL" dataType="String" />
		<attribute name="qualityIndex" dataType="String" />
		<attribute name="laneNumber" dataType="String" />
		<referenceAssociationCollection
			className="edu.wustl.catissuecore.domain.User"
			relationShipType="association"
			roleName="user">
		</referenceAssociationCollection>
		<referenceAssociationCollection
			className="edu.wustl.catissuecore.domain.Specimen"
			relationShipType="association"
			roleName="specimen">
		</referenceAssociationCollection>
	</AuditableClass>

	<AuditableClass className="edu.wustl.catissuecore.domain.DisposalEventParameters" relationShipType="main" roleName="">
		<attribute name="id" dataType="Long" />
		<attribute name="timestamp" dataType="Date" />
		<attribute name="comment" dataType="String" />
		<attribute name="reason" dataType="String" />
		<referenceAssociationCollection
			className="edu.wustl.catissuecore.domain.User"
			relationShipType="association"
			roleName="user">
		</referenceAssociationCollection>
		<referenceAssociationCollection
			className="edu.wustl.catissuecore.domain.Specimen"
			relationShipType="association"
			roleName="specimen">
		</referenceAssociationCollection>
	</AuditableClass>

<AuditableClass className="edu.wustl.catissuecore.domain.pathology.QuarantineEventParameter" relationShipType="main" roleName="">
		<attribute name="id" dataType="Long" />
		<attribute name="timestamp" dataType="Date" />
		<attribute name="comment" dataType="String" />
		<attribute name="quarantineStatus" dataType="Boolean" />
		<attribute name="status" dataType="String" />
		<referenceAssociationCollection
			className="edu.wustl.catissuecore.domain.User"
			relationShipType="association"
			roleName="user">
		</referenceAssociationCollection>
		<referenceAssociationCollection
			className="edu.wustl.catissuecore.domain.pathology.DeidentifiedSurgicalPathologyReport"
			relationShipType="association"
			roleName="deIdentifiedSurgicalPathologyReport">
		</referenceAssociationCollection>
	</AuditableClass>
	<AuditableClass className="edu.wustl.catissuecore.domain.pathology.PathologyReportReviewParameter" relationShipType="main" roleName="">
		<attribute name="id" dataType="Long" />
		<attribute name="timestamp" dataType="Date" />
		<attribute name="comment" dataType="String" />
		<attribute name="reviewerRole" dataType="String" />
		<attribute name="status" dataType="String" />
		<referenceAssociationCollection
			className="edu.wustl.catissuecore.domain.User"
			relationShipType="association"
			roleName="user">
		</referenceAssociationCollection>
		<referenceAssociationCollection
			className="edu.wustl.catissuecore.domain.pathology.SurgicalPathologyReport"
			relationShipType="association"
			roleName="surgicalPathologyReport">
		</referenceAssociationCollection>
	</AuditableClass>

	<AuditableClass className="edu.wustl.catissuecore.domain.OrderDetails" relationShipType="main" roleName="">
		<attribute name="id" dataType="Long" />
		<attribute name="requestedDate" dataType="Date" />
		<attribute name="comment" dataType="String" />
		<attribute name="name" dataType="String" />
		<attribute name="status" dataType="String" />
	</AuditableClass>

	<AuditableClass className="edu.wustl.catissuecore.domain.ReportedProblem" relationShipType="main" roleName="">
		<attribute name="id" dataType="Long" />
		<attribute name="affiliation" dataType="String" />
		<attribute name="nameOfReporter" dataType="String" />
		<attribute name="from" dataType="String" />
		<attribute name="messageBody" dataType="String" />
		<attribute name="subject" dataType="String" />
		<attribute name="reportedDate" dataType="Date" />
		<attribute name="activityStatus" dataType="String" />
		<attribute name="comments" dataType="String" />
	</AuditableClass>

	<AuditableClass className="edu.wustl.catissuecore.domain.ContainerType"
		relationShipType="main" roleName="">
		<attribute name="id" dataType="Long" />
		<attribute name="name" dataType="String" />
		<attribute name="oneDimensionLabel" dataType="String" />
		<attribute name="twoDimensionLabel" dataType="String" />
		<attribute name="comment" dataType="String" />
		<attribute name="activityStatus" dataType="String" />
	</AuditableClass>

	<AuditableClass className="edu.wustl.catissuecore.domain.DistributionSpecimenRequirement"
		relationShipType="main" roleName="">
		<attribute name="id" dataType="Long" />
		<attribute name="quantity" dataType="Double" />
		<attribute name="pathologyStatus" dataType="String" />
		<attribute name="specimenType" dataType="String" />
		<attribute name="specimenClass" dataType="String" />
		<attribute name="tissueSite" dataType="String" />
	</AuditableClass>

	<AuditableClass className="edu.wustl.catissuecore.domain.SpecimenProtocol"
		relationShipType="main" roleName="">
		<attribute name="id" dataType="Long" />
		<attribute name="title" dataType="String" />
		<attribute name="shortTitle" dataType="String" />
		<attribute name="irbIdentifier" dataType="String" />
		<attribute name="startDate" dataType="Date" />
		<attribute name="endDate" dataType="Date" />
		<attribute name="activityStatus" dataType="String" />
		<attribute name="enrollment" dataType="Integer" />
		<attribute name="descriptionURL" dataType="String" />
		<attribute name="principalInvestigator" dataType="edu.wustl.catissuecore.domain.User" />
	</AuditableClass>


	<AuditableClass className="edu.wustl.catissuecore.domain.Container"
		relationShipType="main" roleName="">
		<attribute name="id" dataType="Long" />
		 <!-- <attribute name="full" dataType="Boolean" /> -->
		<attribute name="name" dataType="String" />
		<attribute name="barcode" dataType="String" />
		<attribute name="activityStatus" dataType="String" />
		<attribute name="comment" dataType="String" />
		<attribute name="capacity" dataType="edu.wustl.catissuecore.domain.Capacity" />
		<attribute name="locatedAtPosition" dataType="edu.wustl.catissuecore.domain.ContainerPosition" />
		<referenceAssociationCollection
			className="edu.wustl.catissuecore.domain.ContainerPosition"
			relationShipType="association"
			roleName="occupiedPositions" >
		</referenceAssociationCollection>
	</AuditableClass>



	<AuditableClass className="edu.wustl.catissuecore.domain.AbstractPosition"
		relationShipType="main" roleName="">
		<attribute name="id" dataType="Long" />
		<attribute name="positionDimensionOne" dataType="Integer" />
		<attribute name="positionDimensionTwo" dataType="Integer" />
	</AuditableClass>

	<AuditableClass className="edu.wustl.catissuecore.domain.ConsentTier"
		relationShipType="main" roleName="">
		<attribute name="id" dataType="Long" />
		<attribute name="statement" dataType="String" />
	</AuditableClass>

	<AuditableClass className="edu.wustl.catissuecore.domain.ConsentTierResponse"
		relationShipType="main" roleName="">
		<attribute name="id" dataType="Long" />
		<attribute name="response" dataType="String" />
	</AuditableClass>

	<AuditableClass className="edu.wustl.catissuecore.domain.ConsentTierStatus"
		relationShipType="main" roleName="">
		<attribute name="id" dataType="Long" />
		<attribute name="status" dataType="String" />
	</AuditableClass>

	<AuditableClass className="edu.wustl.catissuecore.domain.Address"
		relationShipType="main" roleName="">
		<attribute name="id" dataType="Long" />
		<attribute name="street" dataType="String" />
		<attribute name="city" dataType="String" />
		<attribute name="state" dataType="String" />
		<attribute name="country" dataType="String" />
		<attribute name="zipCode" dataType="String" />
		<attribute name="phoneNumber" dataType="String" />
		<attribute name="faxNumber" dataType="String" />
	</AuditableClass>

	<AuditableClass className="edu.wustl.catissuecore.domain.Capacity"
		relationShipType="main" roleName="">
		<attribute name="id" dataType="Long" />
		<attribute name="oneDimensionCapacity" dataType="Integer" />
		<attribute name="twoDimensionCapacity" dataType="Integer" />
	</AuditableClass>

	<AuditableClass className="edu.wustl.catissuecore.domain.Password"
		relationShipType="main" roleName="">
		<attribute name="id" dataType="Long" />
		<attribute name="password" dataType="String" />
		<attribute name="updateDate" dataType="Date" />
	</AuditableClass>

	<AuditableClass className="edu.wustl.catissuecore.domain.ContainerPosition"
		relationShipType="main" roleName="">
		<attribute name="id" dataType="Long" />
		<attribute name="positionDimensionOne" dataType="Integer" />
		<attribute name="positionDimensionTwo" dataType="Integer" />
		<referenceAssociationCollection
			className="edu.wustl.catissuecore.domain.Container"
			relationShipType="association"
			roleName="parentContainer">
		</referenceAssociationCollection>
	</AuditableClass>

	<AuditableClass className="edu.wustl.catissuecore.domain.SpecimenPosition"
		relationShipType="main" roleName="">
		<attribute name="id" dataType="Long" />
		<attribute name="positionDimensionOne" dataType="Integer" />
		<attribute name="positionDimensionTwo" dataType="Integer" />
		<referenceAssociationCollection
			className="edu.wustl.catissuecore.domain.Container"
			relationShipType="association"
			roleName="parentContainer">
		</referenceAssociationCollection>
	</AuditableClass>

	<AuditableClass className="edu.wustl.catissuecore.domain.shippingtracking.BaseShipment"
		relationShipType="main" roleName="">
		<attribute name="id" dataType="Long" />
		<attribute name="label" dataType="String" />
		<attribute name="senderComments" dataType="String" />
		<attribute name="receiverComments" dataType="String" />
		<attribute name="createdDate" dataType="Date" />
		<attribute name="sendDate" dataType="Date" />
		<attribute name="senderSite" dataType="Site" />
		<attribute name="receiverSite" dataType="Site" />
		<containmentAssociationCollection
			className="edu.wustl.catissuecore.domain.StorageContainer"
			relationShipType="containment"
			roleName="containerCollection" >
		</containmentAssociationCollection>

	</AuditableClass>

	<AuditableClass className="edu.wustl.catissuecore.domain.shippingtracking.Shipment"
		relationShipType="main" roleName="">
		<attribute name="barcode" dataType="String" />
	</AuditableClass>

	<AuditableClass className="edu.wustl.catissuecore.domain.shippingtracking.ShipmentRequest"
		relationShipType="main" roleName="">

	</AuditableClass>

	<AuditableClass className="edu.wustl.catissuecore.domain.SpecimenCharacteristics"
		relationShipType="main" roleName="">
		<attribute name="id" dataType="Long" />
		<attribute name="tissueSite" dataType="String" />
		<attribute name="tissueSide" dataType="String" />
	</AuditableClass>

	<AuditableClass className="edu.wustl.common.domain.AuditDataEventLog"
		relationShipType="main" roleName="" isAuditable="false">
	</AuditableClass>

	<AuditableClass className="edu.wustl.common.domain.AuditEvent"
		relationShipType="main" roleName="" isAuditable="false">
	</AuditableClass>

	<AuditableClass className="edu.wustl.common.domain.AuditEventDetails"
		relationShipType="main" roleName="" isAuditable="false">
	</AuditableClass>

	<AuditableClass className="edu.wustl.catissuecore.domain.pathology.IdentifiedSurgicalPathologyReport"
		relationShipType="main" roleName="" isAuditable="false">
	</AuditableClass>

	<AuditableClass className="edu.wustl.catissuecore.domain.pathology.DeidentifiedSurgicalPathologyReport"
		relationShipType="main" roleName="" isAuditable="false">
	</AuditableClass>
	<AuditableClass className="edu.wustl.catissuecore.domain.ExternalIdentifier"
		relationShipType="main" roleName="" isAuditable="false">
	</AuditableClass>

	<AuditableClass className="edu.wustl.catissuecore.domain.pathology.QuarantineEventParameter"
	relationShipType="main" roleName="" isAuditable="false">
	</AuditableClass>

	<AuditableClass className="edu.wustl.catissuecore.domain.pathology.ReportLoaderQueue"
	relationShipType="main" roleName="" isAuditable="false">
	</AuditableClass>

	<AuditableClass className="edu.wustl.catissuecore.domain.pathology.TextContent"
	relationShipType="main" roleName="" isAuditable="false">
	</AuditableClass>

	<AuditableClass className="edu.wustl.common.jobmanager.JobDetails"
	relationShipType="main" roleName="" isAuditable="false">
	</AuditableClass>

	<AuditableClass className="edu.wustl.common.testdomain.JobDetails"
	relationShipType="main" roleName="" isAuditable="false">
	</AuditableClass>

	<AuditableClass className="edu.wustl.catissuecore.domain.Distribution"
	  relationShipType="main" roleName="" >

	 <attribute name="id" dataType="Long" />
		<attribute name="toSite" dataType="Site" />
		<attribute name="distributionProtocol" dataType="DistributionProtocol" />
		<attribute name="activityStatus" dataType="String" />
		<attribute name="orderDetails" dataType="OrderDetails" />
		<attribute name="distributedBy" dataType="User" />
		<attribute name="timestamp" dataType="Date" />
	</AuditableClass>
</AuditableMetaData>