<?xml version="1.0" encoding="UTF-8"?>

<mapping>
	 <class name="edu.wustl.common.audit.AuditableClass">
		<field name="className" type="string">
			<bind-xml name="className" node="attribute"/>
		</field>
		<field name="relationShipType" type="string">
			<bind-xml name="relationShipType" node="attribute"/>
		</field>
		
		<field name="isAuditable" type="boolean">
			<bind-xml name="isAuditable" node="attribute"/>
		</field>
		
		<field name="roleName" type="string">
			<bind-xml name="roleName" node="attribute"/>
		</field>
		<field name="containmentAssociationCollection" type="edu.wustl.common.audit.AuditableClass" collection="collection" />
		<field name="referenceAssociationCollection" type="edu.wustl.common.audit.AuditableClass" collection="collection" />
		<field name="attributeCollection" type="edu.wustl.common.audit.Attribute" collection="collection" />
	</class>
	
	<class name="edu.wustl.common.audit.AuditableMetaData">
	 <field name="AuditableClass" type="edu.wustl.common.audit.AuditableClass" collection="collection" />
	 </class>
	 <class name="edu.wustl.common.audit.Attribute">
	 	<field name="name" type="string">
			<bind-xml name="name" node="attribute"/>
		</field>
		<field name="dataType" type="string">
			<bind-xml name="dataType" node="attribute"/>
		</field>
	 </class>
</mapping>