<?xml version="1.0"?>

<!--L
  Copyright Washington University in St. Louis, SemanticBits, Persistent Systems, Krishagni.

  Distributed under the OSI-approved BSD 3-Clause License.
  See http://ncip.github.com/wustl-common-package/LICENSE.txt for details.
L-->

<!DOCTYPE hibernate-mapping PUBLIC 
"-//Hibernate/Hibernate Mapping DTD 3.0//EN"
"http://hibernate.sourceforge.net/hibernate-mapping-3.0.dtd">

<hibernate-mapping>
<class name="edu.wustl.common.tags.domain.Tag" table="*_tags" entity-name="*Tag">
<id name="identifier" type="java.lang.Long" column="identifier">
<generator class="increment"/>
</id>
 
<property name="label" type="java.lang.String" column="tag_label"/>

 <set name="tagItem"  table="*_tag_items"  cascade="save-update,all-delete-orphan"
				inverse="false" lazy="false" fetch="select">
            <key>
                <column name="tag_id" not-null="true" />
            </key>            
 <one-to-many  entity-name="*TagItem"/>
 </set>  
 <property name="userId" type="java.lang.Long" column="user_id"/>   
     </class>
</hibernate-mapping>
<!-- * Should be Query,Specimen etc acc. to user requirements -->